{
  "quests": {
    "220226-0001": {
      "quest_id": "220226-0001",
      "guild_id": 779200883883769863,
      "thread_id": 1475218110217851074,
      "dm_id": "715122725915721748",
      "title": "sample cairn game",
      "status": "RECRUITING",
      "mode": "ONLINE",
      "quest_type": "ONESHOT",
      "system": "CAIRN",
      "max_players": 6,
      "roster": [],
      "waitlist": [],
      "embed_channel_id": 1475221884533604525,
      "embed_message_id": 1475228041310634036
    },
    "220226-0002": {
      "quest_id": "220226-0002",
      "guild_id": 779200883883769863,
      "thread_id": 1475224926675009616,
      "dm_id": "715122725915721748",
      "title": "sample dnd game",
      "status": "RECRUITING",
      "mode": "OFFLINE",
      "quest_type": "ONESHOT",
      "system": "D&D 5E",
      "max_players": 5,
      "roster": [],
      "waitlist": [],
      "embed_channel_id": 1475221884533604525,
      "embed_message_id": 1475228343719694600
    },
    "220226-0003": {
      "quest_id": "220226-0003",
      "guild_id": 779200883883769863,
      "thread_id": 1475228608061505879,
      "dm_id": "715122725915721748",
      "title": "sample dnd game 2",
      "status": "RECRUITING",
      "mode": "OFFLINE",
      "quest_type": "ONESHOT",
      "system": "DND 5E",
      "max_players": 0,
      "roster": [],
      "waitlist": [],
      "embed_channel_id": null,
      "embed_message_id": null
    },
    "220226-0004": {
      "quest_id": "220226-0004",
      "guild_id": 779200883883769863,
      "thread_id": 1475228735249584158,
      "dm_id": "715122725915721748",
      "title": "sample game 1",
      "status": "RECRUITING",
      "mode": "OFFLINE",
      "quest_type": "ONESHOT",
      "system": "D&D 5E",
      "max_players": 6,
      "roster": [],
      "waitlist": [],
      "embed_channel_id": null,
      "embed_message_id": null
    },
    "220226-0005": {
      "quest_id": "220226-0005",
      "guild_id": 779200883883769863,
      "thread_id": 1475229402660081724,
      "dm_id": "715122725915721748",
      "title": "sample game 2",
      "status": "RECRUITING",
      "mode": null,
      "quest_type": null,
      "system": "DUNGEONS & DRAGONS",
      "max_players": 0,
      "roster": [],
      "waitlist": [],
      "embed_channel_id": null,
      "embed_message_id": null
    },
    "220226-0006": {
      "quest_id": "220226-0006",
      "guild_id": 779200883883769863,
      "thread_id": 1475231980416405647,
      "dm_id": "715122725915721748",
      "title": "sample game 3",
      "status": "RECRUITING",
      "mode": "OFFLINE",
      "quest_type": "ONESHOT",
      "system": "D&D 5E",
      "max_players": 6,
      "roster": [],
      "waitlist": [],
      "embed_channel_id": 1475221884533604525,
      "embed_message_id": 1475231984661037190
    },
    "260226-0006": {
      "quest_id": "260226-0006",
      "guild_id": 1393889455332659282,
      "thread_id": 1405114524029288560,
      "dm_id": "715122725915721748",
      "title": "Rude Awakening",
      "status": "CANCELLED",
      "mode": "ONLINE",
      "quest_type": "ONESHOT",
      "system": "D&D 5E 2024",
      "max_players": 6,
      "roster": [],
      "waitlist": [],
      "embed_channel_id": 1475421025960198325,
      "embed_message_id": 1476606154032414820
    }
  },
  "daily_counter": {
    "220226": 6,
    "230226": 3,
    "260226": 7
  },
  "guild_configs": {
    "779200883883769863": {
      "embed_channel_id": 1475221884533604525,
      "ping_role_online": 1444671072350896198,
      "ping_role_offline": 1444671072350896198,
      "ping_role_oneshot": null,
      "ping_role_campaign": null
    },
    "1393889455332659282": {
      "forum_channel_id": 1400030964528320593,
      "embed_channel_id": 1475421025960198325,
      "ping_role_online": 1394964654379372574,
      "ping_role_offline": 1394964535856599070,
      "ping_role_oneshot": null,
      "ping_role_campaign": null
    }
  }
}